<?xml version="1.0" encoding="UTF-8"?>
<project-private xmlns="http://www.netbeans.org/ns/project-private/1">
    <editor-bookmarks xmlns="http://www.netbeans.org/ns/editor-bookmarks/2" lastBookmarkId="0"/>
    <open-files xmlns="http://www.netbeans.org/ns/projectui-open-files/2">
        <group>
            <file>file:/C:/Users/HI/Desktop/dusha/TireShopSystemEAD/src/Interface/ReportFrame.java</file>
            <file>file:/C:/Users/HI/Desktop/dusha/TireShopSystemEAD/src/Model/DbConnection.java</file>
            <file>file:/C:/Users/HI/Desktop/dusha/TireShopSystemEAD/src/Interface/BillFrame.java</file>
            <file>file:/C:/Users/HI/Desktop/dusha/TireShopSystemEAD/src/Controller/AddressTextFieldKeyListener.java</file>
            <file>file:/C:/Users/HI/Desktop/dusha/TireShopSystemEAD/src/Controller/PhoneNumberTextFieldKeyListener.java</file>
            <file>file:/C:/Users/HI/Desktop/dusha/TireShopSystemEAD/src/Interface/MainFrame.java</file>
            <file>file:/C:/Users/HI/Desktop/dusha/TireShopSystemEAD/src/Interface/LoginForm.java</file>
        </group>
    </open-files>
</project-private>
